exemplare_id,datum_pujceni,vratit_do,osoby_id,skutecne_vraceno,poznamka,vypujcky_id
6305,2005-05-19,2005-06-05,454,2005-05-26,,23
3604,2005-05-20,2005-06-17,483,2005-06-06,"Pokud ji nevrátí v termínu, nedostane zápočet.",58
1058,2005-05-26,2005-06-13,23,2005-06-04,,131
6970,2005-05-28,2005-06-03,572,2005-06-03,Ručí za ni vlastní hlavou.,218
8279,2005-06-04,2005-07-07,375,2005-06-29,,324
2700,2005-06-07,2005-07-06,499,2005-06-25,k habilitaci,377
11258,2005-06-08,2005-06-29,128,2005-06-29,,391
6145,2005-06-10,2005-07-26,113,2005-07-10,,415
3321,2005-06-12,2005-07-08,545,2005-06-30,,453
1472,2005-06-19,2005-07-13,355,2005-07-02,,528
6518,2005-06-24,2005-07-28,111,2005-07-16,,625
5812,2005-06-29,2005-07-06,321,2005-07-03,Pro výzkumné účely.,726
9399,2005-07-04,2005-07-12,10,2005-07-12,,774
11844,2005-07-14,2005-08-23,497,2005-08-09,,878
3260,2005-07-14,2005-07-24,82,2005-07-26,,891
4039,2005-07-15,2005-08-10,353,2005-08-01,,913
1436,2005-07-16,2005-07-26,259,2005-07-25,,938
7912,2005-07-17,2005-08-15,133,2005-08-04,,965
967,2005-07-18,2005-08-06,501,2005-08-01,,968
3604,2005-07-28,2005-08-25,299,2005-08-20,"už nevím, co jsem si chtěl poznamenat",1118
1438,2005-07-31,2005-08-28,288,2005-08-21,,1161
7071,2005-08-01,2005-08-17,211,2005-08-16,,1171
9836,2005-08-01,2005-08-09,81,2005-08-09,,1198
11174,2005-08-02,2005-08-13,134,2005-08-13,,1213
10734,2005-08-04,2005-08-23,66,2005-08-19,,1259
11776,2005-08-05,2005-08-15,128,2005-08-11,k vědeckému článku,1275
3041,2005-08-05,2005-08-31,313,2005-08-26,"Nepsát e-mail, rovnou volat.",1277
9340,2005-08-06,2005-08-12,377,2005-08-11,,1292
2321,2005-08-06,2005-09-19,154,2005-09-09,,1296
4584,2005-08-07,2005-09-01,272,2005-08-31,,1306
10582,2005-08-09,2005-09-23,402,2005-09-06,,1316
6021,2005-08-10,2005-09-13,303,2005-09-07,,1366
9367,2005-08-11,2005-09-08,263,2005-08-23,,1385
1570,2005-08-13,2005-08-15,321,2005-08-16,,1397
2354,2005-08-16,2005-09-06,40,2005-08-30,,1463
3743,2005-08-18,2005-09-06,363,2005-08-31,,1482
4519,2005-08-18,2005-08-29,335,2005-08-28,,1484
977,2005-08-23,2005-09-25,142,2005-09-15,,1529
9608,2005-08-24,2005-09-04,333,2005-08-31,,1548
10207,2005-08-27,2005-09-25,412,2005-09-25,,1601
6888,2005-08-28,2005-09-27,217,2005-09-20,,1623
5515,2005-08-30,2005-09-02,51,2005-09-03,,1648
9194,2005-08-30,2005-10-09,222,2005-09-27,,1650
11446,2005-08-30,2005-09-20,538,2005-09-20,pro projekt EU,1653
750,2005-09-02,2005-09-25,157,2005-09-16,,1725
628,2005-09-04,2005-10-09,225,2005-09-24,,1760
8360,2005-09-08,2005-09-27,121,2005-09-19,,1823
9921,2005-09-11,2005-10-02,251,2005-09-28,,1885
2969,2005-09-12,2005-09-28,500,2005-09-19,pohlídat si včasné vrácení,1886
2729,2005-09-15,2005-09-19,322,2005-09-19,,1952
11231,2005-09-15,2005-10-19,464,2005-10-08,,1954
2859,2005-09-18,2005-09-29,97,2005-09-24,,2008
4719,2005-09-18,2005-09-20,500,2005-09-22,,2010
11045,2005-09-19,2005-09-22,348,2005-09-24,"už nevím, co jsem si chtěl poznamenat",2035
9540,2005-09-19,2005-09-24,128,2005-09-23,,2052
10623,2005-09-22,2005-10-14,445,2005-10-06,,2073
9169,2005-09-22,2005-10-14,513,2005-10-07,Pro disertaci,2074
6486,2005-09-22,2005-09-30,8,2005-09-30,,2075
7676,2005-09-24,2005-10-06,211,2005-10-04,,2111
587,2005-09-29,2005-10-22,456,2005-10-10,Ručí za ni vlastní hlavou.,2172
5933,2005-10-01,2005-10-25,84,2005-10-23,,2208
8021,2005-10-03,2005-11-05,113,2005-10-21,"Nepsát e-mail, rovnou volat.",2231
4801,2005-10-04,2005-11-16,464,2005-11-01,,2240
10600,2005-10-18,2005-11-10,563,2005-10-29,Určeno pro seminární práci.,2450
5734,2005-10-30,2005-11-17,441,2005-11-09,pohlídat si včasné vrácení,2653
4519,2005-11-02,2005-11-22,373,2005-11-22,,2704
2960,2005-11-03,2005-11-05,485,2005-11-07,,2722
11573,2005-11-05,2005-11-09,123,2005-11-09,,2739
9608,2005-11-05,2005-12-05,160,2005-11-26,k projektu,2745
4266,2005-11-07,2005-12-10,380,2005-11-27,k habilitaci,2786
911,2005-11-09,2005-12-01,423,2005-11-22,K diplomové práci,2819
1851,2005-11-09,2005-11-19,475,2005-11-18,,2841
6704,2005-11-11,2005-12-06,235,2005-11-28,,2880
11438,2005-11-12,2005-11-16,294,2005-11-16,k habilitaci,2889
6926,2005-11-14,2005-12-03,464,2005-11-30,do výuky,2923
11735,2005-11-15,2005-12-05,524,2005-11-29,,2943
9768,2005-11-18,2005-11-28,347,2005-11-26,,2982
10028,2005-11-19,2005-11-28,381,2005-11-26,,2990
10713,2005-11-19,2005-11-29,355,2005-11-27,,2992
11904,2005-11-19,2005-12-31,136,2005-12-22,,3010
1009,2005-11-19,2005-12-13,303,2005-12-02,,3011
9334,2005-11-23,2006-01-02,63,2005-12-11,,3060
11727,2005-11-29,2005-12-05,500,2005-12-07,Pro BP,3183
1311,2005-11-29,2005-12-18,451,2005-12-14,,3188
11396,2005-11-30,2005-12-26,27,2005-12-22,,3196
3909,2005-11-30,2005-12-11,575,2005-12-08,Ručí za ni vlastní hlavou.,3226
714,2005-12-05,2006-01-13,551,2006-01-02,do výuky,3293
1855,2005-12-05,2006-01-12,204,2006-01-04,,3298
1243,2005-12-08,2006-01-25,391,2006-01-02,,3348
7998,2005-12-10,2006-01-01,308,2005-12-24,k vědeckému článku,3382
5360,2005-12-12,2005-12-18,259,2005-12-19,,3414
6263,2005-12-13,2006-01-27,89,2006-01-10,k diplomce,3423
10885,2005-12-14,2006-01-06,40,2005-12-30,,3464
2960,2005-12-16,2006-01-11,295,2006-01-04,,3515
11014,2005-12-17,2006-01-14,225,2006-01-07,,3528
6216,2005-12-18,2005-12-30,467,2005-12-30,Zapůjčeno pro bakalářskou práci,3546
4151,2005-12-20,2006-01-07,84,2006-01-03,,3570
441,2005-12-21,2005-12-27,391,2005-12-28,,3586
2052,2005-12-22,2006-01-05,89,2006-01-05,Pro BP,3599
9547,2005-12-23,2006-01-14,217,2006-01-05,,3625
5933,2005-12-23,2006-01-29,524,2006-01-16,,3627
1054,2005-12-24,2006-01-17,457,2006-01-17,,3629
8337,2005-12-25,2006-01-08,204,2006-01-07,,3645
5330,2005-12-26,2005-12-30,139,2005-12-29,,3655
9312,2005-12-30,2006-01-11,488,2006-01-08,,3693
4555,2005-12-30,2006-02-07,195,2006-01-27,,3697
8941,2005-12-30,2006-01-13,121,2006-01-11,,3699
1090,2006-01-02,2006-01-28,212,2006-01-22,Zapůjčeno pro bakalářskou práci,3741
8198,2006-01-03,2006-01-05,322,2006-01-07,k diplomce,3775
5941,2006-01-05,2006-01-15,118,2006-01-17,,3803
9831,2006-01-06,2006-01-17,389,2006-01-16,,3828
1952,2006-01-08,2006-02-02,13,2006-01-26,,3838
11904,2006-01-09,2006-02-04,188,2006-01-27,,3883
3807,2006-01-12,2006-01-22,51,2006-01-23,Pro BP,3930
4578,2006-01-12,2006-02-14,466,2006-01-30,studijní materiál,3931
2623,2006-01-18,2006-03-07,237,2006-02-23,"Nepsát e-mail, rovnou volat.",4055
6821,2006-01-19,2006-02-07,122,2006-02-10,,4094
4484,2006-01-24,2006-02-07,427,2006-02-04,,4183
3424,2006-01-25,2006-02-13,185,2006-02-03,,4205
9087,2006-01-25,2006-03-14,50,2006-03-01,,4211
6887,2006-01-27,2006-02-13,355,2006-02-13,,4240
2137,2006-01-30,2006-02-02,485,2006-02-03,studijní materiál,4269
3131,2006-01-31,2006-02-20,248,2006-02-10,do výuky,4312
11493,2006-02-01,2006-02-08,84,2006-02-09,,4342
2696,2006-02-02,2006-02-15,245,2006-02-08,,4359
7811,2006-02-02,2006-02-19,206,2006-02-19,,4367
7033,2006-02-03,2006-02-19,423,2006-02-12,,4378
765,2006-02-06,2006-03-15,303,2006-02-24,,4428
11573,2006-02-07,2006-02-13,31,2006-02-12,,4447
9826,2006-02-09,2006-02-11,113,2006-02-12,,4472
2013,2006-02-09,2006-03-25,268,2006-03-09,pohlídat si včasné vrácení,4481
2137,2006-02-10,2006-03-25,391,2006-03-07,,4498
10471,2006-02-13,2006-02-24,544,2006-02-19,,4567
9990,2006-02-15,2006-03-31,408,2006-03-15,k diplomce,4600
11961,2006-02-16,2006-03-01,347,2006-02-28,,4607
6404,2006-02-17,2006-03-16,166,2006-03-08,,4618
7911,2006-02-19,2006-03-23,42,2006-03-11,,4651
4071,2006-02-19,2006-02-27,299,2006-02-24,"už nevím, co jsem si chtěl poznamenat",4656
5135,2006-02-23,2006-02-28,313,2006-02-27,,4736
4596,2006-02-26,2006-03-24,107,2006-03-17,k habilitaci,4798
8190,2006-03-02,2006-03-31,316,2006-03-18,,4841
10623,2006-03-04,2006-03-11,294,2006-03-11,,4877
8337,2006-03-04,2006-04-06,556,2006-03-30,,4883
7456,2006-03-06,2006-03-12,271,2006-03-12,,4913
11045,2006-03-06,2006-03-14,170,2006-03-13,k diplomce,4922
7156,2006-03-06,2006-03-15,282,2006-03-11,,4923
5530,2006-03-07,2006-04-16,380,2006-04-08,,4924
6888,2006-03-11,2006-03-25,299,2006-03-18,Ručí za ni vlastní hlavou.,4960
3838,2006-03-11,2006-03-27,133,2006-03-24,Pro výzkumné účely.,4967
11798,2006-03-12,2006-03-20,127,2006-03-18,"Pokud ji nevrátí v termínu, nedostane zápočet.",4968
4750,2006-03-12,2006-03-23,389,2006-03-22,K diplomové práci,4969
9817,2006-03-22,2006-04-05,199,2006-04-06,Určeno pro seminární práci.,5106
10544,2006-03-28,2006-04-05,111,2006-04-08,,5225
8337,2006-03-31,2006-04-21,117,2006-04-15,,5283
7951,2006-03-31,2006-04-11,488,2006-04-06,,5290
6128,2006-04-05,2006-04-19,447,2006-04-17,,5358
8394,2006-04-07,2006-05-05,158,2006-05-01,pohlídat si včasné vrácení,5387
7912,2006-04-08,2006-05-17,182,2006-05-10,,5414
10709,2006-04-10,2006-05-12,142,2006-04-30,k projektu,5438
965,2006-04-11,2006-05-06,371,2006-04-23,,5460
3054,2006-04-11,2006-04-28,51,2006-04-28,"Pokud ji nevrátí v termínu, nedostane zápočet.",5462
4360,2006-04-11,2006-04-23,248,2006-04-20,,5479
8000,2006-04-11,2006-04-25,272,2006-04-20,,5480
5252,2006-04-13,2006-05-17,329,2006-05-15,,5512
6173,2006-04-13,2006-04-17,207,2006-04-18,,5514
5351,2006-04-13,2006-04-29,543,2006-04-29,,5535
7197,2006-04-15,2006-05-03,506,2006-04-30,Pro disertaci,5554
4788,2006-04-15,2006-05-15,560,2006-04-28,,5559
6753,2006-04-18,2006-05-17,8,2006-05-18,Pro výzkumné účely.,5629
786,2006-04-23,2006-05-27,454,2006-05-17,,5742
11485,2006-04-24,2006-06-09,329,2006-05-26,,5752
4184,2006-04-27,2006-06-06,260,2006-05-24,,5794
9275,2006-04-27,2006-05-05,561,2006-05-06,,5798
3449,2006-04-27,2006-04-29,519,2006-04-30,,5804
5003,2006-04-29,2006-05-22,272,2006-05-08,,5824
3492,2006-04-29,2006-05-17,311,2006-05-19,do výuky,5831
7598,2006-04-30,2006-05-16,389,2006-05-14,,5837
10713,2006-04-30,2006-05-25,321,2006-05-16,,5838
6443,2006-05-01,2006-05-23,355,2006-05-18,pohlídat si včasné vrácení,5875
10239,2006-05-01,2006-05-10,239,2006-05-07,,5877
10354,2006-05-03,2006-06-17,116,2006-06-05,"Nepsát e-mail, rovnou volat.",5898
10246,2006-05-07,2006-06-22,363,2006-06-18,,5982
290,2006-05-09,2006-05-29,90,2006-05-28,,6008
1562,2006-05-10,2006-06-01,427,2006-05-27,,6033
9375,2006-05-11,2006-05-14,447,2006-05-15,,6038
10438,2006-05-12,2006-06-01,193,2006-06-01,pro projekt EU,6055
9135,2006-05-15,2006-05-26,27,2006-05-26,,6091
11349,2006-05-15,2006-06-03,117,2006-06-01,,6101
8450,2006-05-16,2006-05-28,380,2006-05-26,"Pokud ji nevrátí v termínu, nedostane zápočet.",6117
2152,2006-05-20,2006-06-01,319,2006-05-28,,6189
4351,2006-05-21,2006-06-25,299,2006-06-17,Pro BP,6199
88,2006-05-23,2006-06-02,73,2006-06-01,,6226
1438,2006-05-23,2006-06-03,179,2006-05-30,do výuky,6231
2475,2006-05-24,2006-06-21,129,2006-06-16,,6239
2491,2006-05-27,2006-06-28,474,2006-06-18,Ručí za ni vlastní hlavou.,6285
3761,2006-05-29,2006-06-29,185,2006-06-26,,6294
11174,2006-05-29,2006-06-20,211,2006-06-16,,6295
11962,2006-05-29,2006-06-21,23,2006-06-18,,6312
4714,2006-05-30,2006-06-12,98,2006-06-14,,6324
4588,2006-05-30,2006-06-16,22,2006-06-15,,6325
5054,2006-06-05,2006-06-12,90,2006-06-12,,6362
4694,2006-06-08,2006-07-02,487,2006-06-26,,6402
11169,2006-06-08,2006-06-29,193,2006-06-16,,6403
6486,2006-06-10,2006-06-24,203,2006-06-21,k diplomce,6419
1926,2006-06-11,2006-06-19,113,2006-06-19,,6447
3185,2006-06-12,2006-06-23,121,2006-06-22,,6452
11258,2006-06-13,2006-06-22,472,2006-06-20,,6496
1302,2006-06-16,2006-06-24,187,2006-06-26,,6548
3327,2006-06-16,2006-07-17,495,2006-07-01,,6556
5360,2006-06-18,2006-06-27,19,2006-06-26,K diplomové práci,6586
2388,2006-06-19,2006-06-29,538,2006-06-26,,6593
4687,2006-06-23,2006-07-13,213,2006-07-10,Pro BP,6651
5428,2006-06-24,2006-07-17,47,2006-07-14,,6669
3459,2006-06-26,2006-07-03,381,2006-07-02,,6692
9619,2006-06-26,2006-07-07,389,2006-07-05,,6702
7194,2006-06-27,2006-06-30,89,2006-06-30,,6714
9424,2006-06-29,2006-07-10,523,2006-07-03,,6741
6527,2006-06-30,2006-07-08,320,2006-07-07,,6763
4996,2006-07-03,2006-07-26,350,2006-07-20,k vědeckému článku,6833
11081,2006-07-06,2006-08-07,337,2006-08-04,,6857
1784,2006-07-06,2006-08-04,197,2006-07-24,Pro výzkumné účely.,6863
2392,2006-07-08,2006-08-16,485,2006-07-26,,6885
762,2006-07-09,2006-07-18,318,2006-07-18,,6915
8401,2006-07-10,2006-07-26,239,2006-07-26,Pro výzkumné účely.,6934
6749,2006-07-12,2006-08-11,405,2006-07-31,K diplomové práci,6963
9095,2006-07-14,2006-08-02,235,2006-07-24,,6984
6029,2006-07-16,2006-08-30,557,2006-08-17,,7022
2175,2006-07-23,2006-07-31,97,2006-07-29,,7111
5570,2006-07-26,2006-08-22,259,2006-08-12,,7149
9465,2006-07-26,2006-08-16,122,2006-08-10,,7153
931,2006-07-26,2006-08-30,365,2006-08-31,,7170
5351,2006-07-27,2006-08-12,42,2006-08-05,,7194
5309,2006-07-28,2006-09-14,523,2006-08-19,Pro BP,7214
10513,2006-08-01,2006-08-26,24,2006-08-25,,7296
7508,2006-08-04,2006-08-19,187,2006-08-13,k habilitaci,7335
10233,2006-08-04,2006-08-18,203,2006-08-20,Pro výzkumné účely.,7353
2623,2006-08-10,2006-09-27,237,2006-09-04,"Pokud ji nevrátí v termínu, nedostane zápočet.",7464
4480,2006-08-11,2006-08-26,566,2006-08-24,Pro disertaci,7476
11111,2006-08-12,2006-08-30,519,2006-08-25,k habilitaci,7505
5203,2006-08-14,2006-08-24,89,2006-08-20,,7545
4762,2006-08-21,2006-09-01,451,2006-08-26,studijní materiál,7669
4293,2006-08-22,2006-09-11,299,2006-09-01,,7673
11815,2006-08-25,2006-09-08,22,2006-09-05,,7732
11085,2006-08-26,2006-09-28,337,2006-09-19,,7740
8844,2006-08-26,2006-09-10,267,2006-09-06,,7754
7942,2006-08-27,2006-09-26,320,2006-09-19,,7756
9475,2006-08-27,2006-09-20,204,2006-09-16,,7777
5995,2006-08-28,2006-09-13,348,2006-09-11,,7782
7517,2006-08-31,2006-10-18,223,2006-09-27,,7834
10028,2006-08-31,2006-09-10,423,2006-09-05,,7841
11348,2006-09-04,2006-09-14,366,2006-09-17,,7916
10003,2006-09-05,2006-10-02,17,2006-09-29,,7965
6987,2006-09-07,2006-10-24,123,2006-10-17,,7983
9608,2006-09-07,2006-10-08,487,2006-09-25,,7987
11261,2006-09-08,2006-09-16,133,2006-09-19,Pro BP,8006
6005,2006-09-08,2006-10-19,116,2006-10-05,,8009
4617,2006-09-12,2006-10-09,249,2006-10-02,Pro disertaci,8077
6494,2006-09-18,2006-09-24,23,2006-09-23,,8183
9087,2006-09-18,2006-10-24,195,2006-10-05,,8199
2154,2006-09-20,2006-11-02,377,2006-10-11,,8226
3362,2006-09-20,2006-10-08,212,2006-10-06,,8246
10419,2006-10-03,2006-10-13,448,2006-10-09,,8471
3438,2006-10-03,2006-10-18,451,2006-10-18,pro projekt EU,8472
8507,2006-10-06,2006-11-01,284,2006-10-20,pro projekt EU,8503
9740,2006-10-07,2006-11-05,268,2006-10-29,,8523
9944,2006-10-08,2006-10-26,249,2006-10-23,,8533
7222,2006-10-10,2006-11-01,562,2006-10-25,,8544
5541,2006-10-10,2006-11-22,98,2006-11-11,,8551
8093,2006-10-15,2006-10-30,7,2006-10-27,"už nevím, co jsem si chtěl poznamenat",8615
6749,2006-10-17,2006-11-16,405,2006-11-09,,8633
11618,2006-10-18,2006-11-14,98,2006-11-09,Pro disertaci,8644
3003,2006-10-18,2006-11-22,545,2006-11-02,pohlídat si včasné vrácení,8645
8991,2006-10-28,2006-11-06,250,2006-11-02,,8776
4505,2006-10-28,2006-11-27,240,2006-11-14,,8784
9321,2006-10-29,2006-11-24,497,2006-11-22,k projektu,8792
7609,2006-10-31,2006-11-05,222,2006-11-06,,8812
11727,2006-11-01,2006-11-27,447,2006-11-15,,8841
5995,2006-11-08,2006-11-22,166,2006-11-21,,8904
977,2006-11-15,2006-12-18,466,2006-12-07,,9032
4719,2006-11-18,2007-01-04,504,2006-12-14,,9078
5781,2006-11-18,2006-11-27,122,2006-11-28,k projektu,9082
7780,2006-11-20,2006-12-02,335,2006-12-02,Pro výzkumné účely.,9117
10246,2006-11-20,2007-01-06,333,2006-12-19,,9131
2623,2006-11-22,2007-01-09,237,2006-12-18,,9144
8041,2006-11-23,2006-12-05,271,2006-12-03,,9165
4694,2006-11-25,2006-12-25,454,2006-12-13,,9187
3541,2006-11-28,2006-12-02,285,2006-12-03,"Pokud ji nevrátí v termínu, nedostane zápočet.",9250
10136,2006-11-29,2006-12-16,91,2006-12-10,,9258
4219,2006-11-29,2006-12-09,508,2006-12-10,,9281
5230,2006-12-01,2006-12-10,410,2006-12-10,,9317
8871,2006-12-02,2007-01-02,254,2006-12-23,k diplomce,9321
8209,2006-12-02,2006-12-28,441,2006-12-16,,9331
11622,2006-12-03,2007-01-04,280,2006-12-23,,9353
5222,2006-12-03,2007-01-18,254,2007-01-01,Určeno pro seminární práci.,9359
3410,2006-12-03,2006-12-24,271,2006-12-20,k habilitaci,9362
7484,2006-12-05,2006-12-23,166,2006-12-21,,9376
5952,2006-12-08,2006-12-24,402,2006-12-17,do výuky,9440
243,2006-12-08,2007-01-01,338,2006-12-23,pohlídat si včasné vrácení,9442
3043,2006-12-08,2007-01-11,134,2007-01-01,"Nepsát e-mail, rovnou volat.",9447
2432,2006-12-11,2006-12-26,7,2006-12-17,,9490
4740,2006-12-11,2006-12-28,253,2006-12-21,,9500
7752,2006-12-16,2007-01-06,271,2007-01-05,,9585
8772,2006-12-18,2006-12-25,445,2006-12-26,K diplomové práci,9635
1540,2006-12-25,2007-01-06,218,2007-01-06,,9718
8440,2006-12-28,2007-01-14,22,2007-01-16,"Nepsát e-mail, rovnou volat.",9750
1302,2006-12-28,2007-01-30,134,2007-01-28,,9754
1472,2007-01-01,2007-01-25,303,2007-01-25,,9837
6642,2007-01-03,2007-01-13,350,2007-01-11,,9878
4579,2007-01-07,2007-01-09,24,2007-01-10,,9951
4584,2007-01-10,2007-02-22,544,2007-02-01,,10009
11169,2007-01-11,2007-02-14,381,2007-01-26,,10027
9697,2007-01-17,2007-01-22,567,2007-01-23,,10122
11735,2007-01-18,2007-02-04,347,2007-01-30,,10134
10862,2007-01-20,2007-02-16,473,2007-02-05,,10180
11444,2007-01-23,2007-02-18,86,2007-02-08,,10248
9289,2007-01-24,2007-02-26,401,2007-02-21,,10255
9907,2007-01-28,2007-02-02,336,2007-02-02,,10347
9194,2007-01-28,2007-02-01,321,2007-02-01,,10366
6404,2007-01-29,2007-02-03,295,2007-02-04,Ručí za ni vlastní hlavou.,10370
10908,2007-02-01,2007-02-03,66,2007-02-05,,10429
2460,2007-02-02,2007-02-22,217,2007-02-16,,10436
9805,2007-02-05,2007-03-09,320,2007-02-25,,10509
11770,2007-02-13,2007-03-04,527,2007-03-02,,10637
587,2007-02-13,2007-02-24,305,2007-02-19,,10639
10582,2007-02-14,2007-03-16,148,2007-03-04,,10647
5003,2007-02-15,2007-03-11,377,2007-03-05,,10659
8850,2007-02-16,2007-02-26,253,2007-02-22,Pro BP,10674
7565,2007-02-18,2007-03-01,276,2007-02-26,,10702
4788,2007-02-18,2007-03-20,282,2007-03-12,K diplomové práci,10706
8866,2007-02-20,2007-02-25,270,2007-02-26,k vědeckému článku,10728
6987,2007-02-20,2007-03-12,371,2007-03-08,,10729
1727,2007-02-22,2007-03-06,548,2007-03-02,"Nepsát e-mail, rovnou volat.",10759
5048,2007-02-25,2007-03-12,506,2007-03-10,K diplomové práci,10807
6486,2007-02-25,2007-03-03,162,2007-03-03,"už nevím, co jsem si chtěl poznamenat",10811
9826,2007-03-01,2007-03-23,407,2007-03-19,,10875
1117,2007-03-04,2007-03-18,129,2007-03-15,Pro disertaci,10945
8978,2007-03-05,2007-03-12,288,2007-03-13,pohlídat si včasné vrácení,10961
4579,2007-03-06,2007-04-03,173,2007-03-30,,10969
3168,2007-03-10,2007-04-02,567,2007-03-25,,11012
11305,2007-03-12,2007-03-16,517,2007-03-17,k habilitaci,11038
5541,2007-03-13,2007-04-04,350,2007-03-26,,11067
8889,2007-03-16,2007-03-30,51,2007-03-24,Pro výzkumné účely.,11123
3812,2007-03-17,2007-03-30,432,2007-03-24,,11147
9447,2007-03-17,2007-04-02,402,2007-03-29,Pro disertaci,11157
11349,2007-03-17,2007-04-10,338,2007-04-04,studijní materiál,11159
3043,2007-03-17,2007-04-20,134,2007-04-15,,11164
10070,2007-03-19,2007-04-09,136,2007-04-01,"Pokud ji nevrátí v termínu, nedostane zápočet.",11194
139,2007-03-22,2007-04-06,19,2007-04-01,,11233
7194,2007-03-22,2007-04-11,308,2007-04-05,k projektu,11236
936,2007-03-22,2007-04-15,519,2007-04-07,,11237
11076,2007-03-23,2007-05-09,311,2007-04-24,,11245
8166,2007-03-23,2007-04-26,318,2007-04-22,pohlídat si včasné vrácení,11263
9275,2007-03-25,2007-04-21,456,2007-04-10,,11284
10713,2007-03-28,2007-04-19,284,2007-04-13,studijní materiál,11323
2379,2007-03-30,2007-04-06,392,2007-04-05,,11359
6392,2007-04-04,2007-04-13,270,2007-04-13,k diplomce,11449
10419,2007-04-06,2007-04-08,251,2007-04-09,,11473
4756,2007-04-08,2007-05-07,361,2007-04-25,,11524
5485,2007-04-09,2007-05-08,323,2007-04-27,,11555
12028,2007-04-10,2007-05-14,348,2007-04-29,studijní materiál,11570
5933,2007-04-11,2007-04-21,286,2007-04-21,,11582
9903,2007-04-20,2007-05-13,51,2007-05-08,,11697
7086,2007-04-26,2007-06-07,182,2007-05-19,,11763
427,2007-04-27,2007-05-30,311,2007-05-22,,11773
7292,2007-04-27,2007-05-09,525,2007-05-08,"Pokud ji nevrátí v termínu, nedostane zápočet.",11774
6283,2007-05-01,2007-05-13,560,2007-05-11,K diplomové práci,11831
1540,2007-05-01,2007-05-25,545,2007-05-15,,11843
5072,2007-05-04,2007-06-18,271,2007-06-09,,11894
1926,2007-05-04,2007-05-13,485,2007-05-12,,11903
7233,2007-05-11,2007-06-23,253,2007-06-14,,12006
11770,2007-05-17,2007-06-02,311,2007-05-25,k diplomce,12110
7611,2007-05-17,2007-05-28,519,2007-05-25,,12123
893,2007-05-18,2007-06-14,308,2007-06-07,,12137
1338,2007-05-24,2007-06-09,485,2007-06-06,,12211
786,2007-05-28,2007-06-02,129,2007-06-04,,12281
11231,2007-06-01,2007-06-17,7,2007-06-10,,12339
935,2007-06-10,2007-07-04,321,2007-06-21,,12508
8784,2007-06-11,2007-07-09,256,2007-07-03,"už nevím, co jsem si chtěl poznamenat",12518
3106,2007-06-13,2007-07-04,567,2007-06-30,,12543
2296,2007-06-17,2007-07-10,204,2007-07-06,,12626
7336,2007-06-19,2007-07-06,198,2007-07-03,,12681
6212,2007-06-19,2007-07-08,446,2007-06-26,,12682
1088,2007-06-21,2007-07-10,545,2007-07-05,,12712
9475,2007-06-22,2007-07-17,467,2007-07-08,,12735
2969,2007-06-22,2007-06-30,179,2007-06-30,,12742
8000,2007-06-24,2007-07-18,239,2007-07-13,,12760
3779,2007-06-24,2007-07-02,525,2007-06-29,,12762
5734,2007-06-26,2007-06-29,111,2007-06-30,,12787
4184,2007-06-28,2007-07-15,401,2007-07-08,,12803
936,2007-06-28,2007-07-16,226,2007-07-13,,12805
1540,2007-06-28,2007-07-17,19,2007-07-06,,12817
977,2007-06-28,2007-07-10,136,2007-07-08,"Nepsát e-mail, rovnou volat.",12826
6029,2007-06-29,2007-07-28,229,2007-07-21,Ručí za ni vlastní hlavou.,12855
3396,2007-06-29,2007-08-08,226,2007-07-24,,12857
3754,2007-07-04,2007-07-16,270,2007-07-14,do výuky,12923
10380,2007-07-07,2007-07-26,229,2007-07-20,,12941
2152,2007-07-09,2007-07-16,405,2007-07-15,,12959
10239,2007-07-09,2007-07-31,511,2007-07-27,,12967
7840,2007-07-09,2007-07-25,303,2007-07-18,,12970
4240,2007-07-09,2007-07-13,299,2007-07-14,,12979
4756,2007-07-10,2007-07-19,365,2007-07-20,K diplomové práci,12988
1562,2007-07-10,2007-07-28,435,2007-07-25,,12989
3379,2007-07-14,2007-08-25,402,2007-08-16,,13051
10471,2007-07-15,2007-08-10,337,2007-07-29,,13072
9473,2007-07-17,2007-08-19,329,2007-08-11,"Pokud ji nevrátí v termínu, nedostane zápočet.",13114
6773,2007-07-17,2007-08-02,560,2007-07-29,,13118
8444,2007-07-20,2007-08-12,187,2007-08-10,,13186
3838,2007-07-21,2007-07-24,250,2007-07-23,,13208
8656,2007-07-25,2007-08-02,284,2007-07-29,,13243
9923,2007-07-25,2007-07-29,235,2007-07-30,,13248
1145,2007-07-28,2007-09-01,211,2007-08-20,studijní materiál,13281
1058,2007-07-30,2007-08-27,397,2007-08-18,,13308
5038,2007-07-31,2007-08-31,24,2007-08-24,,13311
7118,2007-08-01,2007-08-19,422,2007-08-18,,13324
1251,2007-08-05,2007-08-22,77,2007-08-16,,13394
11588,2007-08-06,2007-08-24,331,2007-08-22,pohlídat si včasné vrácení,13418
6677,2007-08-06,2007-08-15,301,2007-08-10,k vědeckému článku,13419
9344,2007-08-06,2007-08-17,422,2007-08-16,,13422
11704,2007-08-08,2007-08-18,337,2007-08-18,,13475
4345,2007-08-14,2007-08-16,73,2007-08-17,,13540
8861,2007-08-18,2007-09-09,213,2007-08-31,do výuky,13612
7156,2007-08-22,2007-09-19,239,2007-09-18,,13681
10995,2007-08-24,2007-09-17,575,2007-09-12,,13707
505,2007-08-27,2007-09-13,341,2007-09-10,,13766
5309,2007-08-30,2007-09-14,517,2007-09-10,,13806
7568,2007-09-02,2007-09-24,524,2007-09-19,,13830
5486,2007-09-02,2007-09-06,127,2007-09-07,,13845
7187,2007-09-04,2007-10-13,519,2007-09-30,,13878
6899,2007-09-05,2007-10-04,551,2007-09-27,Pro disertaci,13893
9473,2007-09-05,2007-09-07,348,2007-09-08,Pro disertaci,13896
5739,2007-09-09,2007-10-16,179,2007-09-28,Zapůjčeno pro bakalářskou práci,13971
3492,2007-09-11,2007-10-14,531,2007-09-29,Pro výzkumné účely.,14015
7189,2007-09-12,2007-10-01,358,2007-09-27,,14018
6892,2007-09-12,2007-10-15,320,2007-10-06,Ručí za ni vlastní hlavou.,14039
9289,2007-09-13,2007-09-24,351,2007-09-22,"už nevím, co jsem si chtěl poznamenat",14046
4071,2007-09-16,2007-10-20,358,2007-10-18,do výuky,14084
7307,2007-09-18,2007-09-30,348,2007-09-28,,14115
6706,2007-09-18,2007-10-17,8,2007-10-11,,14132
9344,2007-09-20,2007-10-06,37,2007-10-02,"Nepsát e-mail, rovnou volat.",14163
7887,2007-09-21,2007-10-31,142,2007-10-17,k diplomce,14200
5993,2007-09-24,2007-10-01,454,2007-10-01,,14230
3938,2007-09-24,2007-10-08,134,2007-10-07,pohlídat si včasné vrácení,14232
11865,2007-09-28,2007-10-30,122,2007-10-23,,14270
6642,2007-09-28,2007-11-13,467,2007-10-29,,14281
4903,2007-09-29,2007-10-14,211,2007-10-09,,14292
7563,2007-09-30,2007-11-16,207,2007-10-23,,14297
7624,2007-10-01,2007-10-27,181,2007-10-26,,14307
10246,2007-10-03,2007-11-08,471,2007-10-22,k vědeckému článku,14341
6533,2007-10-06,2007-11-04,519,2007-10-31,,14392
4931,2007-10-10,2007-10-25,193,2007-10-25,,14452
9817,2007-10-15,2007-11-15,389,2007-11-02,,14505
498,2007-10-16,2007-11-30,556,2007-11-11,,14523
11573,2007-10-16,2007-10-25,215,2007-10-24,studijní materiál,14524
9688,2007-10-19,2007-11-06,118,2007-11-02,,14578
969,2007-10-22,2007-11-06,348,2007-11-03,,14612
11995,2007-10-28,2007-12-01,467,2007-11-14,,14706
6518,2007-11-03,2007-11-16,249,2007-11-17,,14761
8360,2007-11-04,2007-11-29,98,2007-11-25,pohlídat si včasné vrácení,14787
8572,2007-11-08,2007-12-17,217,2007-11-29,,14860
323,2007-11-10,2007-11-22,116,2007-11-22,,14897
9333,2007-11-11,2007-12-28,268,2007-12-08,,14915
6266,2007-11-14,2007-11-20,42,2007-11-19,,14975
2250,2007-11-15,2007-12-05,122,2007-11-28,,14994
2245,2007-11-15,2007-12-16,277,2007-12-09,Zapůjčeno pro bakalářskou práci,14997
2499,2007-11-17,2007-11-27,7,2007-11-25,,15038
4877,2007-11-18,2007-12-04,253,2007-11-30,,15063
9833,2007-11-21,2007-12-14,311,2007-12-01,,15076
8126,2007-11-21,2007-12-07,412,2007-12-03,,15105
1979,2007-11-27,2007-11-29,456,2007-12-01,,15166
4116,2007-11-27,2007-12-31,257,2007-12-17,,15179
11543,2007-11-29,2007-12-26,212,2007-12-14,,15220
7357,2007-11-29,2007-12-14,109,2007-12-10,,15221
3993,2007-12-02,2007-12-04,316,2007-12-05,"už nevím, co jsem si chtěl poznamenat",15273
2008,2007-12-06,2008-01-09,223,2008-01-01,,15333
10290,2007-12-06,2007-12-17,113,2007-12-12,,15338
6176,2007-12-09,2008-01-19,90,2008-01-01,,15380
1382,2007-12-15,2008-01-04,415,2007-12-27,,15471
6899,2007-12-15,2008-01-26,311,2008-01-23,k habilitaci,15472
1114,2007-12-15,2008-01-07,503,2007-12-29,,15474
7438,2007-12-18,2008-01-20,4,2008-01-11,,15531
10393,2007-12-21,2008-01-04,447,2007-12-31,k diplomce,15596
9417,2007-12-22,2007-12-30,556,2007-12-28,,15629
2386,2007-12-23,2008-01-06,365,2008-01-01,,15648
11776,2007-12-28,2008-01-04,475,2008-01-06,,15738
7187,2007-12-28,2008-01-17,495,2008-01-15,,15751
2321,2008-01-02,2008-02-19,212,2008-01-27,k projektu,15795
1088,2008-01-05,2008-01-18,524,2008-01-19,"Nepsát e-mail, rovnou volat.",15827
8841,2008-01-05,2008-02-03,329,2008-01-30,,15829
3909,2008-01-09,2008-01-17,182,2008-01-18,,15900
1191,2008-01-12,2008-01-24,130,2008-01-20,,15961
3787,2008-01-13,2008-02-02,249,2008-01-30,Určeno pro seminární práci.,15974
4218,2008-01-19,2008-02-02,212,2008-02-01,Pro výzkumné účely.,16080
2175,2008-01-21,2008-01-25,384,2008-01-24,Pro disertaci,16105
1540,2008-01-23,2008-02-02,375,2008-01-31,,16136
6404,2008-01-26,2008-02-13,36,2008-02-11,,16163
8413,2008-01-26,2008-02-04,289,2008-02-04,,16165
10218,2008-01-29,2008-03-10,531,2008-02-25,k projektu,16229
4411,2008-02-05,2008-02-27,538,2008-02-22,,16326
3259,2008-02-07,2008-02-25,111,2008-02-25,,16367
2152,2008-02-08,2008-02-15,405,2008-02-18,,16380
10239,2008-02-08,2008-03-01,511,2008-02-19,,16388
10381,2008-02-08,2008-02-24,303,2008-02-17,,16391
8464,2008-02-16,2008-03-07,341,2008-03-01,,16518
6970,2008-02-17,2008-03-20,436,2008-03-16,,16541
11305,2008-02-19,2008-03-13,158,2008-03-09,,16582
2578,2008-02-26,2008-04-02,111,2008-03-21,,16687
9465,2008-02-28,2008-03-07,432,2008-03-06,,16723
6109,2008-02-29,2008-03-09,305,2008-03-08,,16755
2729,2008-03-01,2008-03-20,341,2008-03-10,,16766
6010,2008-03-03,2008-03-13,556,2008-03-08,,16787
2491,2008-03-03,2008-03-09,500,2008-03-07,,16793
11171,2008-03-04,2008-04-05,211,2008-03-24,k habilitaci,16811
2392,2008-03-05,2008-03-17,84,2008-03-15,,16837
7118,2008-03-11,2008-03-26,451,2008-03-20,,16901
9349,2008-03-11,2008-04-11,111,2008-03-24,,16903
1035,2008-03-11,2008-04-02,235,2008-03-29,,16908
8008,2008-03-13,2008-03-28,312,2008-03-22,,16941
8154,2008-03-18,2008-04-15,500,2008-03-31,,17036
1734,2008-03-19,2008-05-05,380,2008-04-28,,17044
1143,2008-03-22,2008-04-24,561,2008-04-20,"Nepsát e-mail, rovnou volat.",17095
8980,2008-03-24,2008-04-19,312,2008-04-24,,17143
1951,2008-03-25,2008-04-21,170,2008-04-12,,17177
802,2008-03-27,2008-04-12,311,2008-04-09,,17190
2573,2008-04-02,2008-04-23,471,2008-04-16,studijní materiál,17285
4917,2008-04-03,2008-05-09,303,2008-04-29,,17304
4870,2008-04-03,2008-05-16,177,2008-05-01,Zapůjčeno pro bakalářskou práci,17305
809,2008-04-03,2008-05-03,366,2008-04-18,,17318
9197,2008-04-04,2008-04-22,519,2008-04-17,pohlídat si včasné vrácení,17324
8628,2008-04-04,2008-04-23,350,2008-04-23,,17337
8000,2008-04-04,2008-04-16,440,2008-04-18,,17338
10367,2008-04-05,2008-04-18,56,2008-04-18,,17355
6047,2008-04-05,2008-04-29,526,2008-04-29,,17359
9095,2008-04-05,2008-04-14,538,2008-04-15,,17360
7313,2008-04-06,2008-04-14,235,2008-04-11,Ručí za ni vlastní hlavou.,17368
1569,2008-04-07,2008-04-26,116,2008-04-26,,17378
8293,2008-04-07,2008-04-15,27,2008-04-13,k projektu,17391
9312,2008-04-15,2008-05-05,530,2008-04-29,,17557
6926,2008-04-15,2008-05-14,212,2008-05-05,pohlídat si včasné vrácení,17559
8486,2008-04-16,2008-05-23,173,2008-05-12,,17566
3386,2008-04-18,2008-05-20,392,2008-05-14,,17621
6007,2008-04-20,2008-05-17,547,2008-05-14,Určeno pro seminární práci.,17648
768,2008-04-20,2008-04-23,538,2008-04-24,,17671
9597,2008-04-22,2008-05-27,42,2008-05-11,,17685
846,2008-04-25,2008-05-04,452,2008-05-06,,17755
3604,2008-04-26,2008-05-09,185,2008-05-10,,17758
11081,2008-04-30,2008-05-21,447,2008-05-22,k habilitaci,17819
10713,2008-05-02,2008-05-09,499,2008-05-10,,17839
11848,2008-05-03,2008-05-11,127,2008-05-09,,17871
8190,2008-05-04,2008-06-01,233,2008-05-20,studijní materiál,17893
8495,2008-05-05,2008-05-25,113,2008-05-25,Pro BP,17929
4719,2008-05-09,2008-06-03,365,2008-06-01,,18001
4617,2008-05-10,2008-05-29,251,2008-05-17,,18016
1821,2008-05-10,2008-05-31,306,2008-05-23,,18021
2743,2008-05-12,2008-05-25,127,2008-05-25,,18034
11935,2008-05-18,2008-05-22,84,2008-05-23,,18114
2152,2008-05-21,2008-06-09,333,2008-06-10,,18150
7840,2008-05-23,2008-05-30,387,2008-05-30,,18156
10955,2008-05-23,2008-05-25,81,2008-05-25,,18157
5840,2008-05-26,2008-06-28,134,2008-06-19,,18217
5949,2008-06-01,2008-06-12,545,2008-06-06,,18313
9095,2008-06-02,2008-06-05,526,2008-06-06,,18330
10218,2008-06-03,2008-06-10,538,2008-06-11,,18365
10004,2008-06-04,2008-06-13,347,2008-06-09,,18369
806,2008-06-06,2008-07-09,430,2008-06-30,Ručí za ni vlastní hlavou.,18386
226,2008-06-08,2008-07-24,43,2008-07-02,Pro výzkumné účely.,18419
6473,2008-06-10,2008-06-17,567,2008-06-16,,18445
3368,2008-06-14,2008-07-01,323,2008-06-26,,18487
5800,2008-06-14,2008-06-19,517,2008-06-19,studijní materiál,18489
6963,2008-06-14,2008-07-01,380,2008-06-27,,18494
7054,2008-06-15,2008-07-29,207,2008-07-17,do výuky,18534
5938,2008-06-16,2008-07-18,351,2008-07-07,,18540
1035,2008-06-17,2008-07-19,448,2008-07-11,,18569
434,2008-06-19,2008-06-28,193,2008-06-26,K diplomové práci,18593
1952,2008-06-23,2008-07-14,123,2008-07-03,,18679
2047,2008-06-26,2008-08-03,541,2008-07-29,,18715
5360,2008-06-27,2008-07-20,353,2008-07-14,,18726
6494,2008-06-29,2008-07-18,204,2008-07-12,,18776
9609,2008-06-30,2008-07-17,422,2008-07-20,,18793
17,2008-06-30,2008-07-04,197,2008-07-05,Ručí za ni vlastní hlavou.,18801
4507,2008-07-01,2008-07-15,329,2008-07-05,,18810
11995,2008-07-01,2008-07-04,448,2008-07-05,,18814
2491,2008-07-04,2008-07-23,524,2008-07-21,,18836
1414,2008-07-04,2008-07-23,145,2008-07-19,,18839
11844,2008-07-06,2008-07-21,73,2008-07-17,,18882
6353,2008-07-10,2008-07-21,73,2008-07-21,k projektu,18967
1273,2008-07-11,2008-07-18,136,2008-07-18,,18984
8041,2008-07-14,2008-08-07,428,2008-07-31,,19021
7206,2008-07-18,2008-08-13,305,2008-08-03,,19133
10717,2008-07-21,2008-08-04,487,2008-08-03,,19185
699,2008-07-23,2008-08-25,288,2008-08-09,Pro disertaci,19217
9907,2008-07-25,2008-08-18,294,2008-08-12,,19228
9242,2008-07-26,2008-08-25,86,2008-08-13,,19258
3374,2008-07-27,2008-08-10,4,2008-08-08,,19262
6047,2008-07-28,2008-08-02,308,2008-08-03,,19277
3395,2008-07-29,2008-08-21,471,2008-08-12,,19313
2258,2008-07-29,2008-08-08,561,2008-08-08,,19319
8784,2008-07-29,2008-08-10,239,2008-08-09,pohlídat si včasné vrácení,19320
7563,2008-07-29,2008-08-12,526,2008-08-11,,19332
5084,2008-08-06,2008-09-09,476,2008-08-31,,19423
4877,2008-08-06,2008-08-19,180,2008-08-17,,19425
2581,2008-08-07,2008-08-22,426,2008-08-18,,19431
3379,2008-08-08,2008-09-07,122,2008-08-20,,19488
8502,2008-08-09,2008-08-17,401,2008-08-16,,19502
11060,2008-08-12,2008-08-14,337,2008-08-15,Pro disertaci,19542
6119,2008-08-14,2008-08-30,81,2008-08-26,Určeno pro seminární práci.,19594
1415,2008-08-16,2008-08-31,472,2008-08-24,,19640
9399,2008-08-20,2008-09-23,271,2008-09-09,,19686
6443,2008-08-20,2008-09-12,495,2008-09-06,,19691
5602,2008-08-21,2008-09-01,438,2008-09-02,,19711
7745,2008-08-24,2008-09-29,133,2008-09-15,Ručí za ni vlastní hlavou.,19745
6114,2008-08-26,2008-09-16,203,2008-09-08,,19778
11366,2008-08-28,2008-09-06,53,2008-09-03,,19802
1622,2008-08-28,2008-09-21,284,2008-09-16,,19807
9689,2008-08-30,2008-09-21,363,2008-09-16,Ručí za ni vlastní hlavou.,19825
2245,2008-08-30,2008-09-16,465,2008-09-15,k diplomce,19828
1641,2008-09-01,2008-09-16,47,2008-09-14,,19842
1273,2008-09-03,2008-10-03,117,2008-09-29,,19887
32,2008-09-04,2008-09-17,13,2008-09-15,,19919
9349,2008-09-04,2008-09-25,355,2008-09-23,,19925
1735,2008-09-06,2008-09-16,272,2008-09-17,k vědeckému článku,19973
6404,2008-09-06,2008-09-29,193,2008-09-15,,19988
6810,2008-09-10,2008-10-01,440,2008-09-25,"Nepsát e-mail, rovnou volat.",20027
9543,2008-09-10,2008-09-22,268,2008-09-25,"už nevím, co jsem si chtěl poznamenat",20028
5604,2008-09-11,2008-09-20,155,2008-09-21,,20042
1311,2008-09-13,2008-10-09,316,2008-10-02,"Nepsát e-mail, rovnou volat.",20077
1414,2008-09-17,2008-10-10,380,2008-10-03,k projektu,20154
4801,2008-09-19,2008-10-12,337,2008-10-02,,20187
11069,2008-09-22,2008-10-01,43,2008-10-01,,20231
9775,2008-09-22,2008-10-01,33,2008-09-30,"Pokud ji nevrátí v termínu, nedostane zápočet.",20235
17,2008-09-24,2008-11-10,47,2008-10-15,K diplomové práci,20245
1708,2008-10-01,2008-11-02,387,2008-10-23,,20325
9342,2008-10-03,2008-11-01,428,2008-10-21,K diplomové práci,20334
5162,2008-10-04,2008-11-16,303,2008-10-30,,20364
7756,2008-10-04,2008-10-14,352,2008-10-13,,20374
7698,2008-10-06,2008-10-26,316,2008-10-24,,20399
9220,2008-10-11,2008-10-18,225,2008-10-17,,20503
1865,2008-10-13,2008-10-24,427,2008-10-22,,20529
4585,2008-10-27,2008-12-06,408,2008-11-16,,20703
5084,2008-10-29,2008-11-07,148,2008-11-08,,20733
3459,2008-11-01,2008-11-04,98,2008-11-06,,20766
1774,2008-11-02,2008-11-04,555,2008-11-05,"už nevím, co jsem si chtěl poznamenat",20792
7609,2008-11-05,2008-11-25,557,2008-11-18,,20821
1229,2008-11-09,2008-12-03,462,2008-11-24,,20859
355,2008-11-11,2008-12-02,270,2008-11-30,,20878
10191,2008-11-12,2008-12-04,217,2008-11-27,,20899
9533,2008-11-20,2008-11-29,56,2008-11-28,Pro výzkumné účely.,21027
10560,2008-11-21,2008-12-31,503,2008-12-20,,21045
9608,2008-11-21,2008-12-15,320,2008-12-11,,21051
7454,2008-11-28,2008-12-14,84,2008-12-09,,21123
4957,2008-11-30,2009-01-14,320,2008-12-26,,21161
7140,2008-11-30,2008-12-17,471,2008-12-12,,21167
9864,2008-12-02,2008-12-11,567,2008-12-05,,21199
3224,2008-12-03,2008-12-11,97,2008-12-10,,21211
11060,2008-12-05,2009-01-16,371,2008-12-31,do výuky,21249
323,2008-12-06,2008-12-19,331,2008-12-15,,21260
3438,2008-12-07,2008-12-18,176,2008-12-15,,21274
9340,2008-12-08,2009-01-03,391,2008-12-27,,21311
11756,2008-12-08,2008-12-28,177,2008-12-25,,21325
3349,2008-12-10,2008-12-27,179,2008-12-18,,21357
8980,2008-12-11,2008-12-29,39,2008-12-22,,21361
8444,2008-12-13,2009-01-19,116,2009-01-11,,21379
7206,2008-12-13,2008-12-22,251,2008-12-19,,21384
8401,2008-12-14,2008-12-20,181,2008-12-22,,21399
7756,2008-12-14,2008-12-21,158,2008-12-21,,21422
8630,2008-12-20,2009-01-10,524,2009-01-06,,21517
7517,2008-12-21,2008-12-25,294,2008-12-28,,21541
6917,2008-12-21,2009-01-09,8,2009-01-07,,21547
9775,2008-12-24,2009-01-16,513,2009-01-11,"Pokud ji nevrátí v termínu, nedostane zápočet.",21596
1952,2008-12-26,2009-01-01,321,2008-12-30,,21652
714,2008-12-30,2009-01-18,222,2009-01-12,"Pokud ji nevrátí v termínu, nedostane zápočet.",21690
6353,2009-01-01,2009-01-15,476,2009-01-11,,21724
2530,2009-01-04,2009-01-18,213,2009-01-13,,21767
1438,2009-01-04,2009-01-20,24,2009-01-15,pro projekt EU,21776
11169,2009-01-04,2009-02-10,33,2009-01-27,do výuky,21786
3884,2009-01-05,2009-01-22,436,2009-01-17,,21791
10354,2009-01-08,2009-02-01,456,2009-01-30,,21878
11776,2009-01-10,2009-01-19,309,2009-01-19,K diplomové práci,21924
10995,2009-01-14,2009-01-18,89,2009-01-19,pohlídat si včasné vrácení,21939
4351,2009-01-14,2009-01-23,412,2009-01-23,k diplomce,21944
2837,2009-01-14,2009-02-06,117,2009-02-01,K diplomové práci,21945
1273,2009-01-15,2009-02-10,231,2009-01-26,,21952
2279,2009-01-20,2009-03-02,408,2009-02-12,,22056
3812,2009-01-21,2009-01-29,276,2009-01-27,"Nepsát e-mail, rovnou volat.",22077
6888,2009-01-22,2009-03-10,239,2009-02-24,,22091
100,2009-01-24,2009-02-05,176,2009-02-01,k habilitaci,22135
3617,2009-01-27,2009-03-15,10,2009-03-05,,22170
1006,2009-01-29,2009-03-18,131,2009-03-02,k projektu,22223
6917,2009-02-07,2009-02-28,329,2009-02-28,,22400
7911,2009-02-09,2009-02-26,560,2009-02-17,K diplomové práci,22447
7033,2009-02-09,2009-02-22,121,2009-02-21,,22450
11529,2009-02-10,2009-02-20,497,2009-02-21,,22470
6844,2009-02-11,2009-03-03,131,2009-02-18,,22486
6899,2009-02-17,2009-04-05,50,2009-03-15,k diplomce,22561
2337,2009-02-21,2009-03-13,273,2009-03-17,,22632
2182,2009-02-21,2009-03-22,4,2009-03-15,,22634
2425,2009-02-24,2009-03-24,256,2009-03-16,,22672
4151,2009-02-25,2009-03-23,223,2009-03-14,,22690
10553,2009-02-26,2009-03-10,139,2009-03-08,,22719
3427,2009-02-28,2009-04-14,213,2009-03-24,,22745
1851,2009-03-02,2009-04-03,145,2009-03-28,,22758
9447,2009-03-06,2009-03-22,66,2009-03-17,,22806
3492,2009-03-06,2009-04-21,348,2009-04-07,,22815
10513,2009-03-08,2009-04-10,261,2009-03-24,,22829
4855,2009-03-09,2009-04-14,448,2009-04-02,,22843
1885,2009-03-11,2009-03-20,517,2009-03-16,,22885
434,2009-03-13,2009-03-30,121,2009-03-31,,22905
3259,2009-03-14,2009-04-16,128,2009-04-04,,22924
7454,2009-03-14,2009-03-22,547,2009-03-24,,22942
10471,2009-03-16,2009-03-20,316,2009-03-21,,22976
6404,2009-03-18,2009-04-19,563,2009-03-31,,23010
8723,2009-03-18,2009-03-29,548,2009-03-25,,23011
3575,2009-03-21,2009-04-14,122,2009-04-03,Pro BP,23063
9970,2009-03-24,2009-04-04,365,2009-04-02,,23118
3054,2009-03-26,2009-03-31,56,2009-04-02,,23180
4420,2009-03-26,2009-04-28,308,2009-04-20,,23181
11164,2009-03-27,2009-04-01,391,2009-04-04,,23198
11171,2009-03-28,2009-04-17,217,2009-04-06,,23208
11543,2009-03-29,2009-04-08,197,2009-04-08,,23215
2581,2009-03-29,2009-04-08,361,2009-04-07,,23238
2959,2009-03-30,2009-05-01,410,2009-04-26,Pro BP,23248
5692,2009-04-02,2009-04-19,116,2009-04-09,pro projekt EU,23291
139,2009-04-03,2009-05-05,319,2009-04-22,,23298
7364,2009-04-03,2009-04-25,212,2009-04-18,"Pokud ji nevrátí v termínu, nedostane zápočet.",23301
854,2009-04-04,2009-04-16,361,2009-04-12,,23319
7617,2009-04-05,2009-05-03,145,2009-04-22,,23334
4116,2009-04-10,2009-05-18,306,2009-05-10,Pro disertaci,23413
5135,2009-04-12,2009-05-05,479,2009-04-28,,23473
12031,2009-04-17,2009-05-13,145,2009-05-05,,23532
9502,2009-04-17,2009-05-22,170,2009-05-22,,23539
8738,2009-04-19,2009-06-04,353,2009-05-12,,23572
11478,2009-04-19,2009-05-09,121,2009-05-08,,23574
11698,2009-04-19,2009-06-06,72,2009-05-28,,23575
11815,2009-04-21,2009-05-23,82,2009-05-18,,23586
5781,2009-04-21,2009-05-03,286,2009-05-01,,23587
4345,2009-04-21,2009-05-04,572,2009-04-30,,23609
9430,2009-04-23,2009-06-07,412,2009-05-29,,23643
9139,2009-04-24,2009-05-13,477,2009-05-08,"Pokud ji nevrátí v termínu, nedostane zápočet.",23647
8850,2009-04-24,2009-04-27,257,2009-04-28,,23665
11069,2009-04-27,2009-05-03,185,2009-05-02,k projektu,23722
10354,2009-04-27,2009-05-19,513,2009-05-06,pohlídat si včasné vrácení,23725
10405,2009-04-28,2009-05-18,182,2009-05-09,,23751
9095,2009-05-03,2009-05-30,544,2009-05-18,,23839
906,2009-05-04,2009-05-18,557,2009-05-18,,23846
8623,2009-05-08,2009-06-05,306,2009-05-29,,23913
8440,2009-05-14,2009-05-30,355,2009-05-25,pro projekt EU,24001
12031,2009-05-18,2009-06-17,237,2009-06-08,studijní materiál,24066
466,2009-05-19,2009-05-24,321,2009-05-24,,24078
9970,2009-05-20,2009-06-07,97,2009-06-04,k diplomce,24108
7450,2009-05-21,2009-06-08,353,2009-06-03,pohlídat si včasné vrácení,24133
4719,2009-05-25,2009-06-15,441,2009-06-12,,24204
10380,2009-05-29,2009-07-03,91,2009-06-27,,24278
4479,2009-05-31,2009-06-20,371,2009-06-17,studijní materiál,24305
6270,2009-06-04,2009-06-19,477,2009-06-16,do výuky,24388
8460,2009-06-05,2009-06-15,19,2009-06-15,,24413
7829,2009-06-05,2009-07-16,423,2009-07-07,,24414
11962,2009-06-06,2009-06-27,412,2009-06-16,,24425
3664,2009-06-08,2009-06-11,211,2009-06-12,,24464
8448,2009-06-09,2009-07-11,538,2009-06-24,,24509
10191,2009-06-10,2009-06-28,561,2009-06-26,,24511
9053,2009-06-10,2009-07-24,204,2009-07-12,,24515
3563,2009-06-10,2009-06-30,441,2009-06-23,,24521
103,2009-06-12,2009-07-05,394,2009-07-02,pohlídat si včasné vrácení,24587
7611,2009-06-18,2009-06-24,217,2009-06-23,,24674
498,2009-06-19,2009-07-05,322,2009-06-29,,24710
2047,2009-06-20,2009-07-23,180,2009-07-15,,24730
12015,2009-06-22,2009-07-22,555,2009-07-19,Zapůjčeno pro bakalářskou práci,24751
9140,2009-06-23,2009-07-09,320,2009-07-05,k projektu,24778
10380,2009-06-30,2009-08-14,128,2009-07-24,,24838
32,2009-07-01,2009-07-16,19,2009-07-15,,24850
4819,2009-07-01,2009-07-29,180,2009-07-14,"Nepsát e-mail, rovnou volat.",24851
6538,2009-07-06,2009-08-16,563,2009-08-16,,24921
4205,2009-07-08,2009-07-19,261,2009-07-14,,24938
1503,2009-07-11,2009-08-05,268,2009-07-28,,24975
3419,2009-07-11,2009-07-22,344,2009-07-20,K diplomové práci,24985
2182,2009-07-13,2009-08-06,397,2009-08-03,,24994
7587,2009-07-17,2009-09-01,248,2009-08-11,,25054
822,2009-07-18,2009-08-11,251,2009-08-06,"už nevím, co jsem si chtěl poznamenat",25058
5038,2009-07-20,2009-08-18,249,2009-08-15,K diplomové práci,25109
7983,2009-07-20,2009-09-01,129,2009-08-08,,25116
3318,2009-07-21,2009-08-15,567,2009-08-08,"už nevím, co jsem si chtěl poznamenat",25140
1720,2009-07-23,2009-08-14,503,2009-07-31,,25177
7156,2009-07-23,2009-08-02,37,2009-07-31,Pro výzkumné účely.,25180
11014,2009-07-23,2009-08-14,466,2009-08-11,pro projekt EU,25185
7969,2009-07-24,2009-08-03,499,2009-08-04,,25219
5800,2009-07-27,2009-08-20,387,2009-08-14,,25292
7476,2009-07-29,2009-08-15,157,2009-08-09,,25326
9241,2009-07-30,2009-08-02,420,2009-08-03,,25339
5351,2009-08-05,2009-09-20,36,2009-08-29,k projektu,25408
2969,2009-08-08,2009-08-14,121,2009-08-15,,25454
1085,2009-08-11,2009-09-12,428,2009-09-04,,25521
8980,2009-08-11,2009-09-03,40,2009-08-23,Pro BP,25540
8444,2009-08-14,2009-09-29,500,2009-09-18,studijní materiál,25596
5071,2009-08-15,2009-09-17,472,2009-09-05,,25608
8655,2009-08-15,2009-08-26,166,2009-08-27,,25614
11776,2009-08-17,2009-09-06,129,2009-08-30,"Pokud ji nevrátí v termínu, nedostane zápočet.",25634
9609,2009-08-18,2009-09-12,397,2009-09-06,,25644
9922,2009-08-19,2009-09-08,365,2009-09-06,,25659
4750,2009-08-23,2009-08-26,294,2009-08-28,k vědeckému článku,25716
10004,2009-08-25,2009-09-16,13,2009-09-08,do výuky,25736
10582,2009-08-29,2009-10-05,179,2009-09-19,,25771
5840,2009-08-30,2009-10-03,260,2009-09-20,,25790
4507,2009-09-04,2009-10-20,223,2009-10-04,,25853
3362,2009-09-06,2009-09-30,363,2009-09-20,,25877
8014,2009-09-06,2009-09-26,435,2009-09-19,,25883
6824,2009-09-06,2009-09-11,136,2009-09-10,,25886
8880,2009-09-07,2009-09-28,531,2009-09-22,,25901
2273,2009-09-09,2009-09-30,408,2009-09-23,,25924
6744,2009-09-11,2009-10-20,17,2009-10-03,,25970
10246,2009-09-13,2009-10-04,37,2009-10-03,,26009
2008,2009-09-13,2009-10-29,562,2009-10-13,,26030
5483,2009-09-15,2009-10-20,457,2009-10-05,,26046
6207,2009-09-16,2009-09-18,567,2009-09-20,,26062
8000,2009-09-20,2009-10-11,179,2009-10-12,,26144
7827,2009-09-24,2009-10-06,377,2009-10-08,pohlídat si včasné vrácení,26203
8790,2009-09-28,2009-10-20,443,2009-10-12,Určeno pro seminární práci.,26247
4205,2009-09-28,2009-10-24,13,2009-10-21,studijní materiál,26263
8330,2009-09-28,2009-10-12,511,2009-10-08,,26272
493,2009-09-30,2009-10-12,162,2009-10-11,,26324
806,2009-10-02,2009-10-31,513,2009-10-28,,26362
8448,2009-10-03,2009-11-18,179,2009-11-18,,26365
3114,2009-10-06,2009-11-08,318,2009-11-06,,26397
5925,2009-10-06,2009-10-14,193,2009-10-13,,26405
7658,2009-10-08,2009-10-21,248,2009-10-20,"Pokud ji nevrátí v termínu, nedostane zápočet.",26439
5781,2009-10-08,2009-10-27,443,2009-10-19,Určeno pro seminární práci.,26453
6704,2009-10-09,2009-10-13,473,2009-10-14,Zapůjčeno pro bakalářskou práci,26476
4002,2009-10-09,2009-11-09,344,2009-11-04,,26477
5330,2009-10-10,2009-10-26,523,2009-10-23,,26518
8507,2009-10-19,2009-11-05,366,2009-11-02,,26630
1675,2009-10-19,2009-11-18,501,2009-11-14,,26638
139,2009-10-19,2009-11-20,319,2009-11-16,,26639
10136,2009-10-23,2009-11-10,363,2009-11-07,,26705
8442,2009-10-28,2009-12-12,193,2009-11-24,,26785
10218,2009-10-28,2009-11-17,473,2009-11-08,pohlídat si včasné vrácení,26792
5424,2009-10-31,2009-11-05,419,2009-11-05,,26819
8330,2009-11-01,2009-11-12,508,2009-11-12,Pro výzkumné účely.,26854
4714,2009-11-06,2009-12-08,193,2009-11-23,Pro výzkumné účely.,26902
870,2009-11-06,2009-11-21,4,2009-11-18,,26905
5664,2009-11-06,2009-11-19,575,2009-11-17,,26914
822,2009-11-07,2009-11-24,77,2009-11-18,,26923
4266,2009-11-07,2009-12-08,109,2009-11-24,K diplomové práci,26938
8968,2009-11-08,2009-12-10,198,2009-12-01,,26945
9454,2009-11-08,2009-12-21,286,2009-12-13,,26949
1773,2009-11-08,2009-12-20,427,2009-12-03,,26952
10888,2009-11-09,2009-11-27,22,2009-11-20,,26962
4747,2009-11-09,2009-12-03,483,2009-11-28,,26979
7611,2009-11-12,2009-12-04,393,2009-11-30,"Nepsát e-mail, rovnou volat.",27043
5420,2009-11-14,2009-12-03,13,2009-11-26,,27070
9430,2009-11-15,2009-11-22,97,2009-11-19,,27113
3546,2009-11-16,2009-12-05,338,2009-12-01,,27119
5089,2009-11-16,2009-12-01,303,2009-11-29,k diplomce,27121
9944,2009-11-23,2009-12-21,185,2009-12-15,,27227
8857,2009-11-27,2009-12-12,89,2009-12-16,studijní materiál,27297
2654,2009-11-27,2009-12-27,50,2009-12-18,,27303
7688,2009-11-29,2009-12-07,73,2009-12-07,,27330
1143,2009-11-30,2009-12-25,39,2009-12-22,k projektu,27353
7613,2009-12-03,2009-12-22,408,2009-12-20,"Pokud ji nevrátí v termínu, nedostane zápočet.",27382
3850,2009-12-03,2009-12-21,37,2009-12-15,,27385
2250,2009-12-10,2010-01-13,136,2009-12-27,,27497
4282,2009-12-12,2009-12-26,188,2009-12-25,,27512
786,2009-12-13,2010-01-21,527,2010-01-15,,27521
9703,2009-12-14,2010-01-08,467,2010-01-06,k projektu,27550
9866,2009-12-16,2009-12-25,202,2009-12-25,,27566
10290,2009-12-17,2010-01-08,556,2009-12-31,"už nevím, co jsem si chtěl poznamenat",27619
2969,2009-12-19,2009-12-28,488,2009-12-26,Pro disertaci,27641
4864,2009-12-22,2010-01-30,435,2010-01-19,k projektu,27678
9430,2009-12-24,2010-01-11,235,2010-01-09,Pro BP,27735
3778,2009-12-27,2010-01-16,229,2010-01-07,,27765
6392,2009-12-28,2010-01-30,456,2010-01-16,,27795
8460,2010-01-03,2010-01-16,511,2010-01-15,,27875
6128,2010-01-04,2010-02-03,203,2010-01-18,"Pokud ji nevrátí v termínu, nedostane zápočet.",27883
783,2010-01-06,2010-02-08,563,2010-01-29,,27928
1229,2010-01-06,2010-02-01,53,2010-01-19,,27937
11697,2010-01-10,2010-01-27,121,2010-01-24,,27972
6010,2010-01-13,2010-01-30,401,2010-01-29,,28028
11713,2010-01-15,2010-02-04,7,2010-01-29,,28049
11086,2010-01-15,2010-02-17,465,2010-02-05,k vědeckému článku,28057
9814,2010-01-15,2010-01-22,248,2010-01-22,"Nepsát e-mail, rovnou volat.",28062
816,2010-01-16,2010-02-07,427,2010-01-29,,28083
7334,2010-01-17,2010-02-07,131,2010-01-25,,28097
5692,2010-01-17,2010-02-03,86,2010-01-25,,28110
3449,2010-01-17,2010-02-08,329,2010-02-05,studijní materiál,28114
4870,2010-01-22,2010-02-15,263,2010-02-11,,28173
3003,2010-01-27,2010-02-06,361,2010-02-03,"už nevím, co jsem si chtěl poznamenat",28280
5541,2010-01-27,2010-02-09,17,2010-02-12,,28288
3501,2010-01-29,2010-02-19,121,2010-02-12,,28334
6706,2010-01-29,2010-02-09,248,2010-02-04,studijní materiál,28338
10239,2010-02-03,2010-03-04,392,2010-02-26,Pro výzkumné účely.,28426
7998,2010-02-04,2010-02-12,250,2010-02-12,,28476
10862,2010-02-06,2010-03-19,380,2010-03-16,"Nepsát e-mail, rovnou volat.",28481
7484,2010-02-06,2010-02-23,217,2010-02-17,,28485
6244,2010-02-10,2010-03-03,206,2010-02-23,Pro výzkumné účely.,28560
8293,2010-02-11,2010-03-18,511,2010-03-03,,28569
9109,2010-02-11,2010-03-01,547,2010-03-02,pro projekt EU,28572
2569,2010-02-11,2010-03-13,157,2010-02-24,,28585
9334,2010-02-11,2010-03-06,408,2010-02-22,,28592
11135,2010-02-16,2010-03-11,474,2010-03-06,,28692
9345,2010-02-19,2010-03-14,225,2010-03-12,,28754
11511,2010-02-19,2010-03-16,263,2010-03-11,,28757
6101,2010-02-20,2010-03-23,273,2010-03-17,Pro BP,28761
3807,2010-02-20,2010-03-16,309,2010-03-10,,28770
9216,2010-02-21,2010-03-28,417,2010-03-10,Pro výzkumné účely.,28800
4721,2010-02-21,2010-03-08,50,2010-03-05,,28802
1119,2010-02-23,2010-03-19,545,2010-03-12,,28831
2562,2010-02-24,2010-04-04,454,2010-03-18,,28847
10036,2010-03-01,2010-03-27,344,2010-03-18,k diplomce,28931
10119,2010-03-02,2010-04-01,212,2010-03-19,,28957
4948,2010-03-04,2010-04-01,188,2010-03-26,Pro výzkumné účely.,28985
2432,2010-03-04,2010-03-18,148,2010-03-15,k diplomce,29001
3506,2010-03-06,2010-03-19,231,2010-03-13,,29037
10408,2010-03-07,2010-04-19,452,2010-03-27,,29066
3152,2010-03-12,2010-03-21,476,2010-03-23,,29109
10028,2010-03-15,2010-04-08,182,2010-04-04,,29137
5054,2010-03-16,2010-04-06,301,2010-04-06,,29149
3041,2010-03-17,2010-04-12,415,2010-04-05,Pro disertaci,29168
5019,2010-03-17,2010-04-18,226,2010-04-05,Pro disertaci,29179
3374,2010-03-22,2010-04-20,231,2010-04-07,,29250
5135,2010-03-22,2010-04-07,56,2010-04-03,,29254
8152,2010-03-24,2010-04-10,513,2010-03-30,,29290
7911,2010-03-25,2010-04-26,322,2010-04-22,,29301
820,2010-03-25,2010-04-15,136,2010-04-07,,29302
6295,2010-03-31,2010-05-09,468,2010-04-26,,29385
7987,2010-04-01,2010-04-25,153,2010-04-24,do výuky,29397
11147,2010-04-01,2010-05-07,538,2010-04-21,,29407
8527,2010-04-02,2010-04-24,394,2010-04-17,,29414
10830,2010-04-08,2010-04-24,312,2010-04-20,,29497
5452,2010-04-09,2010-04-26,501,2010-04-25,,29521
11367,2010-04-12,2010-04-24,352,2010-04-18,,29560
8286,2010-04-12,2010-05-14,117,2010-04-28,,29576
10456,2010-04-12,2010-05-05,202,2010-04-25,,29577
9345,2010-04-13,2010-04-19,485,2010-04-19,k diplomce,29584
11224,2010-04-13,2010-04-30,476,2010-04-29,,29595
3368,2010-04-15,2010-04-22,27,2010-04-20,k vědeckému článku,29635
6212,2010-04-19,2010-05-01,321,2010-04-27,,29692
6021,2010-04-20,2010-04-30,136,2010-05-02,,29717
4126,2010-04-22,2010-05-03,51,2010-04-26,,29731
229,2010-04-24,2010-05-14,179,2010-05-11,,29777
3274,2010-04-26,2010-05-25,28,2010-05-17,"Nepsát e-mail, rovnou volat.",29813
11507,2010-04-27,2010-05-06,465,2010-05-05,,29832
9169,2010-04-29,2010-06-10,419,2010-05-29,,29865
11935,2010-04-30,2010-05-04,487,2010-05-06,Pro výzkumné účely.,29895
9533,2010-05-02,2010-06-02,526,2010-05-29,,29921
1734,2010-05-02,2010-05-07,391,2010-05-07,pohlídat si včasné vrácení,29932
4455,2010-05-05,2010-05-24,158,2010-05-22,,29984
8014,2010-05-06,2010-05-25,218,2010-05-22,,30004
3482,2010-05-07,2010-05-31,511,2010-05-27,,30033
1089,2010-05-07,2010-05-26,560,2010-05-14,,30040
2499,2010-05-11,2010-05-20,253,2010-05-20,,30089
6642,2010-05-13,2010-05-31,239,2010-05-20,,30148
4695,2010-05-13,2010-06-15,123,2010-06-05,Zapůjčeno pro bakalářskou práci,30149
7998,2010-05-15,2010-06-15,77,2010-06-03,,30178
3778,2010-05-20,2010-06-03,24,2010-05-24,,30261
2245,2010-05-20,2010-06-08,39,2010-06-03,,30271
6144,2010-05-20,2010-05-28,363,2010-05-27,,30273
10255,2010-05-22,2010-05-25,150,2010-05-27,,30313
4114,2010-05-24,2010-06-21,36,2010-06-14,,30346
10094,2010-05-26,2010-06-09,261,2010-06-05,,30387
9338,2010-05-27,2010-06-12,394,2010-06-09,Pro výzkumné účely.,30401
4898,2010-05-30,2010-06-26,245,2010-06-15,k projektu,30435
1061,2010-06-06,2010-06-30,468,2010-06-24,,30538
4300,2010-06-07,2010-06-17,233,2010-06-13,,30552
10256,2010-06-10,2010-06-22,321,2010-06-20,,30599
10874,2010-06-10,2010-06-18,511,2010-06-16,,30607
5428,2010-06-11,2010-07-07,500,,,30626
5993,2010-06-17,2010-06-28,36,2010-06-26,,30711
2185,2010-06-18,2010-06-29,373,2010-06-26,,30729
2537,2010-06-19,2010-07-21,239,,Zapůjčeno pro bakalářskou práci,30735
7456,2010-06-20,2010-07-08,415,,,30752
4747,2010-06-23,2010-07-24,475,,,30801
6114,2010-06-24,2010-07-03,67,,,30812
6696,2010-06-24,2010-07-14,23,,,30814
371,2010-06-27,2010-07-07,187,,,30856
931,2010-06-27,2010-08-13,525,,,30874
